candidate_id,skills_match,experience_years,education_match,project_count,certification_count,career_gap_months,career_gap_count,shortlisted,demographic_gender,demographic_age_group
1,74.9,10.5,57.3,4,2,2.5,1,1,Male,26-35
2,62.2,6.8,70.0,3,1,28.8,1,0,Male,36-45
3,78.0,6.0,77.3,3,0,0.0,0,0,Female,26-35
4,95.5,6.1,50.0,3,1,2.5,1,1,Non-binary,26-35
5,60.3,2.2,65.6,3,2,0.0,0,1,Male,56+
6,60.3,1.7,60.3,5,1,0.0,0,1,Non-binary,26-35
7,96.6,8.3,62.4,3,3,0.0,0,1,Female,26-35
8,80.3,8.3,40.7,5,0,23.4,1,1,Male,46-55
9,55.6,10.1,60.6,2,5,4.7,1,1,Male,36-45
10,75.9,12.2,72.4,2,0,0.0,0,1,Female,18-25
11,55.7,3.6,96.3,5,2,0.0,0,1,Female,18-25
12,55.7,3.5,84.0,3,2,0.0,0,1,Female,18-25
13,69.8,8.0,100.0,3,1,0.0,0,1,Male,36-45
14,26.7,5.2,40.8,3,3,0.0,0,0,Male,26-35
15,30.5,6.1,81.8,6,2,6.6,1,0,Male,18-25
16,53.8,7.9,64.6,6,0,0.0,0,1,Male,56+
17,44.7,11.0,100.0,3,2,0.0,0,1,Male,36-45
18,71.3,2.1,39.8,5,0,0.0,0,0,Male,26-35
19,46.8,2.4,39.0,2,0,16.8,1,0,Female,36-45
20,36.8,0.5,45.0,4,2,5.3,1,0,Non-binary,36-45
21,94.3,4.3,6.9,3,1,0.0,0,1,Male,18-25
22,60.5,0.5,46.9,2,3,4.3,1,0,Non-binary,26-35
23,66.4,3.1,41.0,4,2,0.0,0,1,Male,46-55
24,36.5,3.9,63.8,1,3,0.0,0,0,Female,26-35
25,54.1,1.7,68.5,3,0,0.0,0,0,Male,36-45
26,67.2,4.5,100.0,1,2,0.0,0,1,Female,26-35
27,42.0,0.5,83.8,3,0,0.0,0,0,Non-binary,18-25
28,72.5,0.5,45.6,3,0,28.7,1,0,Female,26-35
29,53.0,8.6,37.5,1,1,16.7,1,1,Male,26-35
30,59.2,2.2,72.3,2,1,1.9,1,0,Female,26-35
31,53.0,0.7,27.0,4,1,0.0,0,0,Male,18-25
32,100.0,3.7,100.0,2,1,0.0,0,1,Female,46-55
33,64.7,7.3,89.5,5,1,1.4,1,1,Female,56+
34,43.8,1.2,48.3,0,3,0.0,0,0,Male,46-55
35,81.5,4.9,17.2,3,1,0.0,0,0,Female,46-55
36,40.6,0.5,93.8,2,4,0.0,0,0,Female,26-35
37,69.2,0.5,57.1,0,1,8.9,1,0,Male,56+
38,25.8,3.8,90.9,2,2,0.0,0,0,Female,26-35
39,38.4,3.9,20.1,2,1,0.0,0,0,Male,56+
40,68.9,5.1,45.0,4,1,5.0,1,0,Female,56+
41,79.8,6.5,60.1,2,2,0.0,0,1,Female,36-45
42,68.4,18.6,61.2,1,3,0.0,0,1,Female,56+
43,62.7,3.6,48.7,1,1,0.0,0,0,Female,36-45
44,59.0,2.0,75.6,0,4,0.0,0,0,Female,26-35
45,35.4,7.9,33.3,2,1,1.2,1,1,Male,26-35
46,50.6,1.6,56.4,4,1,0.0,0,0,Female,36-45
47,55.8,2.9,63.0,3,3,0.0,0,1,Male,18-25
48,86.1,0.5,72.9,5,1,13.0,1,1,Female,36-45
49,71.9,0.5,77.8,5,1,17.9,1,0,Male,56+
50,29.7,16.4,31.9,3,2,16.3,1,1,Male,26-35
51,71.5,9.0,21.6,4,1,0.0,0,1,Female,46-55
52,57.3,6.0,91.9,1,3,0.0,0,1,Male,56+
53,51.5,2.6,68.3,3,2,27.4,1,0,Female,56+
54,77.2,1.0,41.3,4,1,1.3,1,0,Male,56+
55,85.6,0.9,98.8,4,4,0.0,0,1,Male,36-45
56,83.6,1.4,62.9,3,2,0.0,0,1,Female,56+
57,48.2,4.0,89.5,2,1,0.0,0,1,Male,46-55
58,58.8,6.3,61.7,2,3,16.0,1,1,Male,26-35
59,71.6,5.4,100.0,3,1,0.0,0,1,Female,26-35
60,84.5,1.6,100.0,3,4,0.0,0,1,Male,36-45
61,55.4,15.5,53.8,4,0,0.0,0,1,Female,26-35
62,61.3,6.7,84.3,0,1,4.0,1,0,Male,36-45
63,42.9,4.0,76.1,2,0,7.4,1,1,Male,36-45
64,41.1,4.7,94.2,4,1,0.0,0,0,Female,26-35
65,81.3,2.7,35.9,2,0,1.5,1,1,Male,36-45
66,92.1,1.4,77.2,4,0,34.4,1,1,Male,46-55
67,63.6,2.2,86.5,3,3,0.0,0,0,Male,26-35
68,85.1,7.1,16.0,2,1,0.0,0,1,Male,18-25
69,72.2,0.5,30.4,3,1,0.0,0,0,Female,18-25
70,52.1,0.6,9.0,7,1,4.3,1,0,Male,26-35
71,72.2,0.5,53.3,3,2,0.0,0,0,Female,56+
72,95.8,0.5,77.9,5,0,5.1,1,1,Female,26-35
73,64.3,9.7,97.6,8,2,5.4,1,1,Male,36-45
74,96.3,6.1,61.9,1,1,0.0,0,1,Non-binary,26-35
75,12.6,3.2,100.0,2,2,12.9,1,0,Male,26-35
76,81.4,0.5,25.5,2,0,0.0,0,0,Non-binary,46-55
77,66.7,3.4,17.4,1,0,0.0,0,0,Male,36-45
78,59.0,3.2,58.6,3,1,3.6,1,0,Female,18-25
79,66.8,1.0,69.6,4,1,3.2,1,1,Female,26-35
80,25.2,2.8,59.2,1,4,0.0,0,1,Male,18-25
81,60.6,2.5,8.3,7,2,9.8,1,0,Female,26-35
82,72.1,4.8,57.8,6,0,11.2,1,0,Female,36-45
83,94.6,5.0,27.4,2,2,0.0,0,1,Male,18-25
84,54.6,0.5,76.7,2,1,31.9,1,0,Male,26-35
85,48.8,2.3,69.2,1,3,0.0,0,0,Female,26-35
86,55.0,4.9,36.5,0,1,0.0,0,0,Female,56+
87,83.3,3.5,47.2,4,0,0.0,0,1,Non-binary,56+
88,71.6,9.7,33.5,3,1,13.2,1,1,Female,18-25
89,54.4,5.4,58.4,4,0,5.5,1,1,Non-binary,46-55
90,75.3,0.9,83.9,5,1,0.0,0,1,Female,26-35
91,66.9,0.5,35.4,1,0,0.0,0,0,Male,26-35
92,84.4,5.1,72.6,1,2,3.2,1,1,Male,46-55
93,51.0,0.5,46.7,2,2,0.0,0,0,Female,56+
94,58.4,4.4,40.2,6,2,13.3,1,0,Female,56+
95,57.2,14.1,57.3,3,0,13.6,1,1,Male,36-45
96,35.7,4.3,34.1,3,1,0.0,0,1,Male,26-35
97,70.9,2.5,46.2,2,2,28.7,1,0,Non-binary,46-55
98,70.2,5.2,30.1,6,1,0.0,0,1,Female,26-35
99,65.1,3.1,100.0,1,5,30.6,1,1,Male,36-45
100,60.3,3.9,60.9,3,2,2.2,1,0,Female,26-35
101,36.7,14.2,42.5,1,1,3.6,1,1,Male,36-45
102,56.6,2.4,65.3,2,3,0.0,0,1,Male,26-35
103,58.1,16.2,57.2,4,3,7.3,1,1,Male,26-35
104,49.0,11.8,54.5,5,1,0.0,0,1,Male,56+
105,61.8,1.1,75.4,8,3,0.0,0,0,Female,18-25
106,73.1,0.5,78.9,2,0,0.0,0,0,Male,36-45
107,100.0,0.5,46.7,2,1,0.0,0,0,Female,26-35
108,68.5,0.5,45.6,4,0,0.0,0,0,Female,18-25
109,70.2,0.5,53.1,0,0,2.9,1,0,Male,18-25
110,63.5,5.7,2.5,4,3,11.9,1,1,Female,26-35
111,26.6,0.5,22.1,3,2,0.0,0,0,Female,46-55
112,64.5,1.9,94.2,6,0,4.3,1,1,Female,26-35
113,66.2,9.3,100.0,2,0,0.0,0,1,Male,56+
114,100.0,0.5,53.8,2,0,17.4,1,0,Female,36-45
115,61.2,8.4,74.4,3,2,13.2,1,1,Female,26-35
116,71.0,1.7,67.8,6,0,0.0,0,0,Male,36-45
117,64.3,0.6,100.0,0,0,4.7,1,0,Male,36-45
118,41.6,6.0,88.0,4,2,0.0,0,1,Female,46-55
119,87.9,5.0,56.8,4,2,0.0,0,0,Female,26-35
120,80.0,10.5,36.1,3,0,12.1,1,1,Male,26-35
121,80.8,6.6,19.8,4,3,0.0,0,1,Female,46-55
122,46.8,8.1,65.1,4,0,0.0,0,1,Male,56+
123,93.1,1.7,41.1,4,3,0.0,0,1,Female,46-55
124,37.0,1.0,24.4,1,3,13.6,1,0,Male,26-35
125,76.7,6.9,43.8,5,1,0.0,0,0,Female,46-55
126,100.0,8.2,33.0,6,2,0.0,0,1,Male,26-35
127,45.2,20.0,100.0,0,1,1.4,1,1,Male,26-35
128,53.7,2.7,82.0,4,3,9.1,1,1,Male,26-35
129,67.0,2.3,59.8,2,0,0.0,0,0,Male,36-45
130,54.9,7.5,97.0,2,0,0.0,0,1,Female,26-35
131,34.0,2.1,61.9,3,2,0.0,0,0,Male,26-35
132,66.4,13.4,38.5,1,4,0.0,0,1,Female,46-55
133,43.8,9.8,98.1,1,3,0.0,0,1,Male,26-35
134,74.5,2.8,73.5,5,2,2.8,1,0,Male,18-25
135,46.6,6.9,34.1,0,3,3.4,1,1,Male,18-25
136,96.0,7.0,55.2,2,0,1.2,1,1,Male,56+
137,49.3,0.5,38.1,3,0,0.0,0,0,Male,36-45
138,58.6,11.6,25.4,2,2,7.7,1,1,Male,26-35
139,81.3,3.5,83.2,2,3,0.0,0,1,Female,46-55
140,40.4,8.8,100.0,1,2,23.0,1,1,Male,46-55
141,69.5,1.9,25.0,1,3,5.9,1,0,Female,26-35
142,91.1,11.3,74.1,3,1,0.0,0,1,Female,36-45
143,32.9,2.5,43.7,1,1,2.7,1,0,Male,46-55
144,68.7,0.5,47.8,2,1,0.0,0,0,Female,36-45
145,70.2,11.8,45.2,0,1,3.4,1,1,Non-binary,26-35
146,80.6,0.5,38.4,1,2,0.0,0,0,Female,46-55
147,40.3,1.9,61.2,7,3,0.0,0,1,Female,36-45
148,38.6,15.0,39.2,6,2,8.4,1,1,Male,26-35
149,75.4,15.0,66.8,1,0,0.0,0,1,Female,26-35
150,70.9,4.3,58.7,1,1,13.3,1,1,Female,18-25
151,70.0,5.0,54.0,4,1,0.0,0,1,Female,18-25
152,71.9,3.0,37.3,5,2,2.4,1,0,Non-binary,46-55
153,51.4,1.7,45.6,5,0,2.0,1,0,Male,18-25
154,69.6,2.0,78.9,0,3,0.0,0,1,Male,26-35
155,70.9,5.6,72.5,5,3,0.0,0,1,Female,36-45
156,50.7,7.0,35.6,3,1,0.0,0,1,Female,18-25
157,100.0,7.8,62.5,7,1,0.0,0,1,Male,56+
158,74.5,7.8,78.8,3,1,0.0,0,1,Male,26-35
159,41.2,0.5,18.3,3,1,3.6,1,0,Male,26-35
160,78.1,3.4,73.6,3,2,18.1,1,1,Male,26-35
161,45.5,0.5,43.4,4,0,6.1,1,0,Female,26-35
162,80.7,4.0,74.3,4,2,2.1,1,1,Female,18-25
163,88.2,2.9,40.9,3,3,1.2,1,1,Male,36-45
164,48.6,10.9,14.9,3,2,1.5,1,1,Male,56+
165,84.3,2.2,19.3,3,0,0.0,0,0,Male,26-35
166,73.3,0.6,61.2,2,2,10.1,1,0,Male,36-45
167,81.4,0.8,66.5,4,2,5.0,1,1,Female,36-45
168,100.0,7.2,37.4,1,0,0.0,0,1,Non-binary,46-55
169,60.1,4.8,76.0,0,1,0.0,0,1,Female,26-35
170,49.9,0.5,18.5,7,0,0.0,0,0,Male,26-35
171,47.2,0.5,58.3,1,0,0.0,0,0,Female,26-35
172,48.7,6.0,29.7,1,5,12.9,1,0,Female,36-45
173,63.5,0.5,43.7,1,2,0.0,0,0,Female,46-55
174,71.8,8.6,61.2,3,2,0.0,0,1,Female,26-35
175,70.5,6.1,38.5,1,2,27.2,1,1,Male,26-35
176,81.5,0.5,50.4,3,1,0.0,0,1,Male,56+
177,65.3,0.5,85.2,6,0,0.0,0,0,Male,46-55
178,94.1,20.0,45.6,1,0,0.0,0,1,Male,56+
179,59.7,2.3,80.9,2,2,2.5,1,0,Male,46-55
180,100.0,2.3,31.8,3,2,17.2,1,0,Female,26-35
181,77.5,8.4,73.2,3,3,0.0,0,1,Female,36-45
182,47.9,14.7,96.0,7,2,10.8,1,1,Female,36-45
183,43.6,20.0,0.0,5,0,0.0,0,1,Male,18-25
184,74.6,7.0,40.1,2,0,7.0,1,1,Non-binary,36-45
185,60.5,2.4,74.4,1,2,4.1,1,1,Non-binary,36-45
186,79.3,0.5,54.9,7,2,7.4,1,1,Female,26-35
187,74.5,7.5,69.3,5,1,0.0,0,1,Non-binary,46-55
188,63.5,4.1,44.9,3,3,24.2,1,1,Female,36-45
189,48.1,2.8,62.2,2,0,3.5,1,0,Non-binary,56+
190,34.7,11.8,56.1,3,1,0.0,0,1,Male,18-25
191,56.1,0.6,89.2,2,2,16.5,1,1,Male,26-35
192,82.1,3.4,66.4,4,1,0.0,0,1,Male,36-45
193,69.3,0.5,68.4,3,2,11.9,1,0,Male,26-35
194,40.1,3.2,49.7,3,1,0.0,0,0,Male,36-45
195,68.5,0.5,47.8,6,0,4.5,1,0,Female,46-55
196,72.7,0.6,49.2,1,1,0.0,0,0,Female,18-25
197,47.3,0.6,69.9,4,1,0.0,0,0,Female,36-45
198,68.1,5.2,49.5,2,2,0.0,0,0,Male,36-45
199,66.2,6.9,67.2,2,4,0.0,0,1,Female,26-35
200,42.1,4.4,100.0,3,1,0.0,0,1,Female,56+
